{
  "version": 1,
  "author": "Anonymous maker",
  "editor": "wokwi",
  "parts": [
    { "type": "board-esp32-devkit-c-v4", "id": "esp", "top": 0, "left": 4.84, "attrs": {} },
    {
      "type": "wokwi-photoresistor-sensor",
      "id": "ldr1",
      "top": 60.8,
      "left": -277.6,
      "attrs": {}
    },
    {
      "type": "wokwi-pushbutton-6mm",
      "id": "btn1",
      "top": 58.9,
      "left": 131.7,
      "rotate": 270,
      "attrs": { "color": "red", "xray": "1" }
    },
    {
      "type": "wokwi-led",
      "id": "led1",
      "top": -49.2,
      "left": 25.8,
      "rotate": 90,
      "attrs": { "color": "cyan" }
    },
    { "type": "wokwi-potentiometer", "id": "pot1", "top": -39.7, "left": -240.2, "attrs": {} },
    {
      "type": "wokwi-resistor",
      "id": "r1",
      "top": -24.85,
      "left": -67.2,
      "attrs": { "value": "220" }
    }
  ],
  "connections": [
    [ "esp:TX", "$serialMonitor:RX", "", [] ],
    [ "esp:RX", "$serialMonitor:TX", "", [] ],
    [ "ldr1:VCC", "esp:3V3", "#8f4814", [ "h0", "v-57.6" ] ],
    [ "ldr1:GND", "esp:GND.1", "black", [ "h19.2", "v76.4" ] ],
    [ "ldr1:AO", "esp:VN", "magenta", [ "h28.8", "v-48.7" ] ],
    [ "pot1:SIG", "esp:VP", "magenta", [ "v9.6", "h210.65" ] ],
    [ "pot1:VCC", "esp:3V3", "#8f4814", [ "h85.6", "v-9.6" ] ],
    [ "btn1:2.r", "esp:GND.2", "black", [ "h0.4", "v-29.6" ] ],
    [ "r1:2", "led1:A", "green", [ "v9.6", "h37.2" ] ],
    [ "esp:33", "r1:1", "green", [ "h0" ] ],
    [ "led1:C", "esp:GND.2", "black", [ "h0", "v-9.2", "h67.2" ] ],
    [ "pot1:GND", "esp:GND.1", "black", [ "v0" ] ],
    [ "esp:32", "btn1:1.l", "green", [ "h0" ] ]
  ],
  "dependencies": {}
}